Institution ID,Institution Name,City,State/Province,Country
1,Beihang Univeristy,Beijing,,China
2,North China Electric Power Univercity,Changping,Beijing,China
3,Sichuan University,Chengdu,Sichuan,China
4,"Shandong University, Shandong, China",Jinan,Shandong,China
5,Sun Yat-sen University,GuangZhou,GuangDong,China
6,BeiJing University Of Post And Telecommunication,Beijing,Beijing,China
7,"South China Normal University, Guangzhou, P.R. China",Guangzhou,Guangdong,China
8,Shanghai University of Finance and Economics,Shanghai,Shanghai,China
9,Nankai University,Tianjin,,China
10,Shanghai University of Electric Power,Shanghai,,China
11,Huazhong Agricultural University,Wuhan,Hubei,China
12,Southwest Jiaotong University,CHENGDU,SICHUAN,China
13,BNU-HKBU United International College,Zhuhai,Guangdong,China
14,Tianjin University of Commerce,Tianjin,China Mainland,China
15,High School Affiliated to People's University (RDFZ),Beijing,,China
16,Southwestern University of Finance and Economics,Chengdu,Sichuan,China
17,Huazhong Agriculture University,WuHan,Hubei,China
18,shenyang jianzhu university,shenyang,Liaoning,China
19,Idaho State University,Pocatello,ID,USA
20,University of Science and Technology of China,Hefei,Anhui,China
21,Northwestern Polytechnical University,Xi'an,Shaanxi,China
22,Tongji University,shanghai,Shanghai,China
23,SUN YAT-SEN UNIVERSITY,GUANG ZHOU,,China
24,Shijiazhuang Tiedao University,Shijiazhuang,Hebei,China
25,Wuhan University,Wuhan,Hubei,China
26,Fudan University,Shanghai,,China
27,Shanxi University,Taiyuan,Shanxi,China
28,Sun Yat-Sen University,Guangzhou,Guangdong,China
29,SHANGHAI UNIVERSITY OF FINANCE AND ECONOMICS,SHANGHAI,SHANGHAI,China
30,South-Central University for Nationalities,WuHan,HuBei,China
31,Chongqing University,Chongqing,Chongqing,China
32,Shenyang jianzhu University,Shenyang,Liaoning,China
33,South China Normal University,Guangzhou,,China
34,Economics,beijing,beijing,China
35,East China University Of Science And Technology,Shanghai,Shanghai,China
36,Beijing National Day School,Beijing,,China
37,Shenyang Jianzhu University,Shenyang,Liaoning,China
38,Beijing University of Aeronautics and Astronautics,Beijing,Beijing,China
39,Renmin University of China,Beijing,Beijing,China
40,school of mathematics,shanghai,shanghai,China
41,University of International Business and Economics,Beijing,,China
42,Shandong Institute of Business and Technology,Yantai,Shandong,China
43,Officers College Of CAPF,ChengDu,SiChuan,China
44,"School of Information, Renmin University of China",Beijing,Beijing,China
45,East China University of Science and Technology,Shanghai,Shanghai,China
46,Panzhihua University,Pan Zhihua,SiChuan,China
47,Peking University,Beijing,,China
48,Donghua University,Shanghai,Shanghai,China
49,University of science and technology of China,Hefei,Anhui,China
50,Beijing Normal University,Beijing,China,China
51,East China Institute of Technology,Nanchang,Jiangxi,China
52,Guangdong University of Foreign Studies,Guangzhou,Guangdong,China
53,Capital University of Economics and Business,Beijing,,China
54,Institute of Microelectronics,Beijing,Beijing,China
55,"Nankai university ,China",Tianjing,Tianjing,China
56,Lanzhou university,lanzhou,Gansu,China
57,Nanjing University,"Haian,Nantong",Jiangsu,China
58,Xi'an University of Posts and Telecommunications,Xi'an,Shaanxi,China
59,Southern Medical University,Guangzhou,Guangdong Province,China
60,Harbin Institute of Technology,Harbin,Heilongjiang,China
61,Dalian Maritime University,Dalian,Liaoning,China
62,TongJi university,ShangHai,,China
63,Zhejiang University,Hangzhou,Zhejiang,China
64,Zhongnan University of Economics and Law,Wuhan,Hubei,China
65,ZUEL,wuhan,hubei,China
66,East China Normal University,Shanghai,,China
67,"FuYang Normal College, AnHui, China.",FuYang,,China
68,"Fuyang Normal College, Anhui province, China.",Fuyang,yingzhou,China
69,Shanghai Jiao Tong University,Shanghai,Shanghai,China
70,North China Electric Power University,Baoding,Hebei Province,China
71,Hainan University,HaiKou,HaiNan,China
72,School of Electrical Engineering,Wuhan,Hubei,China
73,Sacred Heart University,Fairfield,CT,USA
74,"School of Engineering,Sun Yat-Sen University",Guangzhou,Guangdong,China
75,WuHan University Of Tecnology,WuHan,HuBei,China
76,Shandong University of Science and Technology,Qingdao,P.R.China,China
77,Shenyang Pharmaceutical University,Benxi,Liaoning,China
78,"School of Reliability and Systems Engineering,Beihang University",Beijing,Beijing,China
79,Yunnan Normal University,Kunming,Yunnan Province,China
80,Columbia University,New York,NY,USA
81,South China Agricultural University,Guangzhou,Guangdong,China
82,the city college of jilin jianzhu university,Changchun City,jilin,China
83,Beijing University of Technology,Beijing,Beijing,China
84,Taiyuan University,jinzhong,shanxi,China
85,Dalian Institute of Science and Technology,Dalian,Liaoning,China
86,Inner Mongolia Agricultural University,Hohhot,,China
87,Dongbei University of Finance and Economics,Dalian,Liaoning Province,China
88,University of International Business and Economy,Beijing,Chaoyang,China
89,University of International Business and Economics of China,Beijing,,China
90,Shanghai Universtiy of Finance and Economics,Shanghai,,China
91,Undergraduate course,Xi'an,Shan Xi,China
92,Hefei No.8 high school,Hefei,Anhui,China
93,RENMIN UNIVERSITY of CHINA,Beijing,China,China
94,Communication University of China,Beijing,,China
95,Civil Aviation University of China,Tianjin,,China
96,UNIVERSITY OF SCIENCE AND TECHNOLOGY OF CHINA,Hefei,Anhui,China
97,"College of Science, Northeastern University, China",Shenyang,Liaoning,China
98,Southeast University,NANJING,JIANGSU,China
99,Xiamen University,Xiamen,Fujian,China
100,University of Internetional Business and Economics,Beijing,,China
101,Shanghai University of Financial & Economics,Shanghai,,China
102,Hexi University,Zhangye,Gansu,China
103,Beijing Institute of Technology,Beijing,Beijing,China
104,Xi'an University of Architecture and Technology,Xi'an,Shaanxi,China
105,Donghua university,Shanghai,,China
106,SouthWestern University of Finance and Economics,chengdu,sichuan,China
107,University of Shanghai for Science and Technology,Shanghai,Shanghai,China
108,Universith of International Business and Economics,Beijing,,China
109,Southwest University of Finance and Economics,Chengdu,Sichuan,China
110,University of Business and Economics,Beijing,Beijing,China
111,Cheng Yi College of Jimei University,Xiamen,Fujian,China
112,USTC,Hefei,Anhui,China
113,university of international business and economics,Beijing China,Beijing,China
114,"University of International Business and Economics, China",Beijing,Beijing,China
115,UIBE,Beijing,,China
116,Shanghai Jiao Tong Univeresity,Shanghai,Shanghai,China
117,UNIVERSITY OF INTERNATIONAL BUSINESS AND ECONOMICS,BEIJING CHINA,BEIJING,China
118,Sichuan Uinversity,Chengdu,Sichuan,China
119,Sun Yat-sen University&Peking University&Peking University,Guangzhou,,China
120,School of Statistics,Beijing,,China
121,Shandong university,Jinan,Shandong,China
122,Guangdong University of Finance,Guangzhou,GuangDong,China
123,Nanjing University of Information Science & Technology,"Nanjing,Jiangsu Province",,China
124,Wheaton College (IL),Wheaton IL,IL,USA
125,Heilongjiang College of Construction,Harbin,Heilongjiang,China
126,Shenyang Normal University,Shenyang,Liaoning,China
127,Ningxia University,Yinchuan,the Ningxia Hui Autonomous Region,China
128,Minzu University of China,Beijing,Beijing,China
129,Shiyuan College of Guangxi Teachers Education University,Nanning,Guangxi,China
130,SHANGHAI JIAO TONG UNIVERSITY,Shanghai,SHANGHAI,China
131,Yangtze University,Jingzhou,Hubei,China
132,Nanjing University of Information Science and Technology,Nanjing,Jiangsu,China
133,Hangzhou Normal University,Hangzhou,Zhejiang,China
134,Changchun University of Science and Technology,Changchun,Jilin,China
135,Heilongjiang University,Harbin,Heilongjiang,China
136,Zhongnan University Of Economics And Laws,Wuhan,Hubei,China
137,He'nan Normal University,xinxiang,Henan,China
138,Central University of Finance and Ecomomics,Beijing,Asia,China
139,"State University of New York, University at Buffalo",Buffalo,NY,USA
140,Huazhon university of science and technology,Wuhan,Hubei,China
141,North China ELectric Power University,Beijing,,China
142,BeijingÂ UniversityÂ ofÂ Post and Telecommunication,Beijing,Beijing,China
143,School of Mathematics,BeiJing,,China
144,Kunming University of Science and Technology,Kunming,Yunnan,China
145,Sichuan Agricultural University,Ya'an,Sichuan,China
146,South University of Science and Technology of China,Shenzhen,Guangdong,China
147,Henan normal university,xinxiang,henan,China
148,University of Science and Technology Beijing,Beijing,Beijing,China
149,University of International and Economics,Beijing,,China
150,Universitiy of International Business and Economics,Beijing,,China
151,University of International business and economics,Beijing,Beijing,China
152,The University of International Business and Economics,Being,,China
153,University of International Business and Econmics,Beijing,Beijing,China
154,IUPUI,Indianapolis,IN,USA
155,Anqing Normal University,Anqing,Anhui,China
156,Ningbo University,Ningbo,ZheJiang,China
157,Wu Han University,WuHan,HuBei,China
158,Statistic,Beijing,,China
159,Zhengzhou University,Zhengzhou,Henan,China
160,shenyangjianzhu university,shenyang,liaoning,China
161,University of International and Business Economics,"Beijing,China",,China
162,University of Colorado Boulder,Boulder,CO,USA
163,"Beijing Normal University, Zhuhai",Zhuhai,,China
164,"School of Engineering, Sun Yat-Sen University",Guangzhou,Guangdong,China
165,University of International Business&Economics,Beijing,Beijing,China
166,Chengdu University of Information Technology,Chengdu City,Si Chuan Province,China
167,SouthWest Jiaotong University,Chengdu,Sichuan,China
168,"Math Institution ,Beihang University",Beijing,China,China
169,"No. 10, Huixin Dongjie, Chaoyang District, Beijing, P.R. China",Beijing,Beijing,China
170,ZheJiang University,Hangzhou,,China
171,Beijing Forestry University,Beijing,,China
172,Beihua University,Jilin,Jilin,China
173,University of international business and economics,Beijing,Beijing,China
174,School of mathematics and statistics,Beijing,Beijing,China
175,PLA Imformation Engineering University,ZhengZhou,HeNan,China
176,Xi'an University of architecture and technology,Xi'an,Shanxi,China
177,Shandong Normal University,Jinan,Shandong,China
178,Officer's college of CAPF,Chengdu,Sichuan,China
179,Tianjin University of Science and Technology,TianJin,TianJin,China
180,Inner Mongolia University,Hohhot,Inner Monglia,China
181,Qingdao Technical Colleage,Qingdao,Shandong,China
182,Renmin University Of China,Beijing,Beijing,China
183,ShanDong University,Jinan,Shandong,China
184,Hohai University,Nanjing,Jiangsu,China
185,"National Engineering Research Center for Multimedia Software, Wuhan University",Wuhan,Hubei,China
186,Guangdong University of Technology,Guangzhou,Guangdong,China
187,SOUTH WEST JIAOTONG UNIVERSITY,CHENG DU,SI CHUAN,China
188,Shanghai University of Finance and Ecomonics,Shanghai,,China
189,tongji university,shanghai,shanghai,China
190,Minzu university of China,Beijing,Beijing,China
191,Shanghai JiaoTong University,Shanghai,,China
192,China University of Geosciences (Wuhan),Wuhan,Hubei,China
193,University,Beijing,,China
194,Sichuan Agriculture University,Chengdu,Sichuan,China
195,Anhui University Of Science & Technology,Huainan,Anhui,China
196,SYSU,Guangzhou,Guangzhou,China
197,university of International Business and Economics,Beijing,Beijing,China
198,The University Of International Business Economics,Beijing,Beijing,China
199,the University of International Business and Economics,Beijing,Beijing,China
200,Qinghai University,Xining,Qinghai,China
201,Shanghai University of Finanace and Economics,Shanghai,Shanghai,China
202,Business School of the University of International Business and Economics,Beijing,Beijing,China
203,"Heilongjiang University, China",Harbin,Heilongjiang,China
204,Tianjin Foreign Studies University,Tianjin,Tianjin,China
205,South China University of Technology,Guangzhou,Guangdong,China
206,Central China Normal University,Wuhan,HUBEI,China
207,Tsinghua University,Beijing,China,China
208,Heilongjiang Institute of Technology,"Harbin,Heilongjiang Province,China",Heilongjiang,China
209,Shenyang Aerospace University,Shenyang,Liaoning,China
210,Shandong University,Jinan,Shandong,China
211,China Pharmaceutical University,Nanjing City,Jiangsu,China
212,Southwestern University Of Finance And Economics,Chengdu,Sichuan,China
213,XIDIAN UNIVERSITY,Xi'an,Shaanxi,China
214,Shanghai Jiaotong University,shanghai,shanghai,China
215,University Of International Business and Economics,Beijing,Beijing,China
216,Renmin University,Beijing,Beijing,China
217,Shenyang University,ShenYang,LiaoNing,China
218,TianJin university,TianJin,TianJin,China
219,University Of Science and Technology Beijing,Beijing,Beijing,China
220,"School of Mathematical Sciences, Beijing Normal University",Beijing,Beijing,China
221,South China Normal Univercity,Guangzhou,China,China
222,Shenyang Jianzhu university,Shenyang,Liaoning,China
223,Dalian University of Technology,Dalian,,China
224,Nanjing University of Posts and Telecommunications,Nanjing,JiangSu,China
225,Huangzhong University of Science and Technology,Wuhan,Hubei,China
226,South China Institute of Software Engineering. GU,Guangzhou,Guangdong,China
227,China University of Geosciences(Wuhan),Wuhan,Hubei,China
228,shandong university of science and technology,Qingdao,P.R.China,China
229,Ocean University of China,Shandong,Qingdao,China
230,College of Petroleum Engineering,Qingdao,Shandong,China
231,Henan Normal University,Xin'xiang,Henan Province,China
232,The Huazhong University of Science and Technology,Wuhan,Hubei Province,China
233,China University of Geosciences,Wuhan,Hubei,China
234,Shanghai University of Finance & Economics,Shanghai,Shanghai,China
235,professor,Beijing,,China
236,China University of Petroleum,Qingdao,Shandong,China
237,Changsha University,Changsha,Hunan,China
238,Jinjiang College of Sichuan University,meishan,Sichuan,China
239,University of Michigan-Shanghai Jiao Tong University Joint Institute,Shanghai,,China
240,Sichuan Normal University,Chengdu,Sichuan,China
241,Wuhan University of Science and Technology,Wuhan,Hubei,China
242,Jilin University,Changchun,Jilin Province,China
243,Jilin University of Finance and Economics,Changchun,Jinlin,China
244,China University of Petroleum (East China),Qingdao,Shandong,China
245,shenyang pharmaceutical university,Shenyang,liaoning,China
246,Sichuan University Jinjiang College,meishan,Sichuan,China
247,Huazhong University of Science&Technology,Wuhan,Hubei,China
248,South China University of China,Guangzhou,,China
249,Huazhong University Of Science & Technlology,Wuhan,Hubei,China
250,ShanDong University of Science and Technology,Qingdao,Shandong,China
251,Tsinghua Univeristy,Beijing,Beijing,China
252,shanghai Normal University,shanghai,China,China
253,Zhejiang Normal University,Jinhua,Zhejiang,China
254,Stanford University,Stanford,CA,USA
255,University of Macau,macau,macau,China
256,Yunnan University,Kunming,,China
257,Tianjin University of Technology and Education,Tianjin,Tianjin,China
258,Hebei University of Technology,Tianjin,,China
259,Hebei Normal University,Shijiazhuang,Hebei,China
260,Ocean university of China,Qingdao,Sandong,China
261,North China Electric Power University Baoding,Baoding,Hebei,China
262,Huazhong University of Science and Technology,Wuhan,Hubei,China
263,Capital Medical University,Beijing,Beijing,China
264,Luoyang Institute of Science and Technology,Luoyang,Henan,China
265,Shanghai university of finace and economic,Shanghai,Shanghai,China
266,Informantion Engineering,Dalian,Liaoning,China
267,Iinformantion Engineering,Dalian,Liaoning,China
268,Changchun architecture &civil engineering college,Changchun,Jilin,China
269,Shandong Agricultural University,Tai'an City,Shandong,China
270,Shenyang Ligong University,Shenyang,Liaoning,China
271,Information Engineering,Dalian,Liaoning,China
272,Harbin University of Commerce,Harbin,Heilongjiang,China
273,Peking university,Beijing,Beijing,China
274,Chongqing Normal University,Chongqing,Chongqing,China
275,China University of Geoscience (Wuhan),Wuhan,Hubei,China
276,Lanzhou University of Technology,Lanzhou,Gansu,China
277,Lan Zhou University of Technology,Lan Zhou,Gansu,China
278,LanZhou University of Technology,LanZhou,GanSu,China
279,Southwestern University of Finance and Economy,Chengdu,SiChuan,China
280,HaiNan University,Haikou,Hainan,China
281,China Three Gorges University,Yichang,Hubei,China
282,East China University of Political Science and Law,Shanghai,Shanghai,China
283,Shenyang Agricultural University,SHENYANG,LIAONING,China
284,University of South China,Hengyang,Hunan,China
285,Shandong Univercity,Jinan,Shandong Province,China
286,SUNY New Paltz University,New Paltz,NY,USA
287,"University of California, Los Angeles",Los Angeles,CA,USA
288,Dalian University,Dalian city,liaoning,China
289,Shanghai university of finance and economics,Shanghai,Shanghai,China
290,SHANGHAI UNIVERSITY OF FINANCE AND ECONAMICS,SHANGHAI,SHANGHAI,China
291,University of Science and Technology of China (USTC),Hefei,Anhui,China
292,TianJin University,TianJin China,TianJin,China
293,Naval Aeronautical and Astronautical University,Yantai,Shandong,China
294,Tianjin Polytechnic University,Tianjin,Tianjin,China
295,FUDAN UNIVERSITY,SHANGHAI,SHANGHAI,China
296,"College of Science, North China University of Technology",Beijing,Beijing,China
297,Liaoning University,Shenyang,Liaoning,China
298,Tianjin University of Finance and Economics,Tianjin,Tianjin,China
299,Gansu Agricultural University,Lanzhou,Gansu,China
300,Southwest Jiaotong University Hope College Â ,Chengdu,Sichuan,China
301,Beijing Technology and Business University,Beijing,,China
302,NORTH CHINA ELECTRIC POWER UNIVERSITY,BEIJING,BEIJING,China
303,Tianjin University,Tianjin,Tianjin,China
304,Shandong University(Weihai),Weihai,Shandong,China
305,"The school of management, University of Science and Technology of China",Hefei,Anhui,China
306,The University of Texas at Dallas,Richardson,TX,USA
307,University of Manchester,Manchester,,United Kingdom
308,Milligan College,Milligan College,TN,USA
309,University of Electronic Science and Technology of China,Chengdu,Sichuan,China
310,Shanghai Experimental School,Shanghai,Shanghai,China
311,City University of Hong Kong,Kowloon,,Hong Kong
312,Changsha University of Science & Technology,Changsha,Hunan,China
313,nanjing university of finance&economics,nanjing,jiangsu,China
314,Berlin School of Economics and Law,Berlin,Berlin,Germany
315,Ordos Collegeï¼ŒInner Mongolia University,Erdos,Inner Mongolia Autonomous Region,China
316,Shenyang Institute of Engineering,Shenyang,Liaoning,China
317,College of Applied Science.Jiang Xi University of Science and Technology,Ganzhou,Jiang Xi,China
318,Chung Yuan Christian University,Chung Li,,Taiwan
319,China University of Political Science and Law,Beijing,Beijing,China
320,"College of Biochemical Engineering,Beijing Union University",Beijing,Beijing,China
321,Zhejiang Sci-Tech University,Hangzhou,Zhejiang Province,China
322,ShanDong University of Science and Technology4 years,Qingdao,Shandong,China
323,Western Washington University,Bellingham,WA,USA
324,China University of Political science and Law,Beijing,,China
325,Dalian Nationalities University,Dalian,China,China
326,DaLian JiaoTong University,Dalian,Liaoning,China
327,University of International Relations,Beijing,Beijing,China
328,People's Public Security University of China,Beijing,Beijing,China
329,Chengdu University of Technology,Chengdu,Sichuan,China
330,Henan University of Science and Technology,Luoyang,Henan,China
331,Xi'an University of Finance and Economics,XI'AN,Shaanxi,China
332,School of Mathematical and Physical Science,Beijing,,China
333,Century College of Beijing University of Posts and Telecommunications,Beijing,Beijing,China
334,Southwest JiaoTong University,Chengdu,Sichuan,China
335,NC School of Science and Mathematics,Durham,NC,USA
336,Woodside Priory School,Portola Valley,CA,USA
337,Business College of Shanxi University,Taiyuan,Shanxi,China
338,Southwestern university of Finance and Economics,Chengdu,China,China
339,Henan Polytechnic University,Jiaozuo City,Henan Province,China
340,Southwestern University of Finance and Economincs,Chengdu,Sichuan,China
341,Shenyang Agriculture University,Shenyang,Liaoning,China
342,Shaanxi University of Technology,Hanzhong,Shaanxi,China
343,Chongqing Technology and Business University,Chongqing,,China
344,Xijing University,Xi'an,Shaanxi,China
345,P.R.China Beijing Normal University,Beijing,Beijing,China
346,Nanjing university,Nanjing,Jiangsu,China
347,South China University Of Technology,Guangzhou,,China
348,Mathematics,Shanghai,Shanghai,China
349,Beihai College of Beihang University,Beihai,Guangxi,China
350,UCSB,Santa Barbara,CA,USA
351,Loyola University Maryland,Baltimore,MD,USA
352,Wake Forest University,Winston Salem,NC,USA
353,Wesleyan College,Macon,GA,USA
354,"School of Architecture and Civil Engineering,Nantong University",Nan Tong,JiangSu,China
355,Beijing University of Techonolgy,Beijing,Beijing,China
356,Huazhong University of Science & Technology,Wuhan,Hubei,China
357,Tianjin university of commerce,Tianjin,Tianjin,China
358,College of science,Shanghai,Shanghai,China
359,"Shanghai Jiaotong University, China",Shanghai,Shanghai,China
360,Southwestern University of Finance And Economics,ChengDu,SiChuan,China
361,New York University,New York,NY,USA
362,"China University of Petroleum, Beijing",Beijing,,China
363,Hexi Univercity,Zhangye,Gansu,China
364,Southwestern University of Finance and Economic,Chengdu,Sichuan,China
365,Northwest University,Xiâ€™an,Shaanxi Province,China
366,Northwest A&F University,Yangling,Shannxi Province,China
367,Southwestern University of Financial and Economics,Chengdu,SiChuan,China
368,Shanghai University,Shanghai,,China
369,Shandong University of Finance and Economics,Jinan,China,China
370,Shenzhen Polytechnic,Shenzhen,,China
371,Qilu University Of Technology,Jinan,Shandong,China
372,Central South University,Changsha,Hunan,China
373,Shandong Jiaotong University,Ji Nan,Shan Dong,China
374,Qingdao University,Qingdao,Shandong,China
375,Software Engineering,ShangHai,,China
376,South Western University of Finance and Economics,"Chengdu City,Sichuan Province",,China
377,Shaanxi University of Science & Technology,Xi'an,,China
378,Anhui University of Finance and Economics,Bengbu,Anhui,China
379,Beijing Language and Culture University,Beijing,Beijing,China
380,Hohai University Changzhou Campus,Changzhou,Jiangsu,China
381,Southwest University of Science and Technology,Mianyang,Sichuan,China
382,Hohai University Wentian College,Maanshan,Anhui,China
383,Shanghai Univisity,Shanghai,Shanghai,China
384,Shanghai univercity,Shanghai,Shanghai,China
385,Shanghai Jiading No.1 High School,Shanghai,Shanghai,China
386,Department of Mathematics,Shanghai,,China
387,QuFu Normal University,Qufu,Shandong,China
388,Shanghai Univercity,Shanghai,Shanghai,China
389,TIANJIN UNIVERSITY,Tianjin,,China
390,Shanghai Lixin University of Commerce,Shanghai,,China
391,Wuhan Polytechnic University,Wuhan,Hubei,China
392,Beijing Jiaotong University,Beijing,,China
393,Jilin University.,Changchun,Jilin,China
394,shanghai,shanghai,shanghai,China
395,Huazhong University of science and technology,Wuhan,Hubei,China
396,Xi'an Jiaotong University,Xi'an,Shaanxi,China
397,USMA,West Point,NY,USA
398,Nantong University,Nantong,Jiangsu,China
399,HARBIN ENGINEERING UNIVERSITY,HARBIN,HEILONGJIANG,China
400,Chong Qing University,Shapingba,ChongQing,China
401,Neijiang Normal University,Neijiang,Sichuan,China
402,China University of Petrolem(Beijing),Beijing,Beijing,China
403,Liaoning Technical University,Huludao,Liaoning,China
404,Dongbei university of Finance and Economics,Dalian,Liaoning,China
405,Xi'an Jiaotong-Liverpool University,Suzhou,Jiangsu,China
406,Xiangtan University,Xiangtan,Hunan,China
407,Jiangxi Agricultural University,Nanchang,Jiangxi,China
408,Changchun University Of Science and Technology,Changchun,Jinlin,China
409,YunNan University,Kunming,yunnan,China
410,Nanjing Tech University,Nanjing,Jiangsu,China
411,HuNan University,Changsha,HuNan,China
412,Dalian Polytechnic University,Dalian,Liaoning,China
413,Foshan University,Foshan,Guangdong,China
414,zhongnan University of Economics and Law,WuHan,Hubei,China
415,Chengdu Technological University,chengdu,Sichuan,China
416,Shanghai University of International Business and Economics,Shanghai,Shanghai,China
417,Virginia Western,Roanoke,VA,USA
418,east china university of political science and law,shanghai,shanghai,China
419,Anhui Jianzhu University,Hefei,Anhui,China
420,Peking Univ.,Beijing,Beijing,China
421,HAINAN UNIVERSITY,HAIKOU,HAINAN,China
422,"Sun Yat-sen University, Guangzhou",Guang Zhou,Asia,China
423,Bethel University,Arden Hills,MN,USA
424,Linfield College,McMinnville,OR,USA
425,China Jiangsu University,Zhenjiang,Jiangsu,China
426,Shanghai Finance University,Shanghai,,China
427,NanTong University,NanTong,,China
428,Wuhan University of technology,Wuhan,Hubei,China
429,EAST CHINA NORMAL UNIVERSITY,Shanghai,China,China
430,shaanxi university of technology,han zhong,shaanxi,China
431,RENMIN UNIVERSITY OF CHINA,BEIJING,BEIJING,China
432,Henan University of Economics and Law,Zhengzhou,Henan,China
433,ShanDong University of Technology,ZiBo,ShanDong,China
434,Shenzhen Institute of Information Technology,Shenzhen,GuangDong,China
435,SKH Bishop Mok Sau Tseng Secondary School,Hongkong,Hongkong,China
436,Dalian Jiaotong university,DaLian,Liaoning,China
437,SHANGHAI UNIVERSITY,Shanghai,Shanghai,China
438,Nanjing Tech Uinversity,Nanjing,Jiangsu,China
439,Chongqing University of Posts and Telecommunications,Chongqing,,China
440,Beijing University Of Technology,Beijing,Beijing,China
441,Shanghai Institute of Technology,Shanghai,Shanghai,China
442,"Tianjin University, People's Republic of China",Tianjin,,China
443,Dalian Ocean University,Dalian,Liaoning,China
444,Anhui University,Hefei,Anhui,China
445,Washington and Lee University,Lexington,VA,USA
446,Pacific Lutheran University,Tacoma,WA,USA
447,Cupertino High School,Cupertino,CA,USA
448,Chongqing Jiaotong University,Chongqing,Nanping,China
449,Shaoguan University,Shaoguan,Guangdong,China
450,The Engineering & Technical college of Chengdu University of Technology,LESHAN,,China
451,"Shanxi University, People's Republic of China",Taiyuan,Shanxi Province,China
452,"Taizhou Institute of Sci.&Tech.,NUST",Taizhou,,China
453,"Hunan University of Humanities,Science and Technology",Loudi,Hunan,China
454,Nanjing Normal University Taizhou College,Taizhou,,China
455,Nanjing University of Aeronautics and Astronautics,Nanjing,Jiangsu,China
456,Guangzhou University,Guangzhou,Guangdong Province,China
457,"school of architecture civil engineering, Nantong University",Nantong,JiangSu,China
458,Beijing normal university,Beijing,Beijing,China
459,Qingdao Univrsity,Qingdao,Shandong,China
460,Shandong University of Technology,Zibo,Shandong,China
461,Shanghai University of Finance & Economics (P R CHINA),Shanghai,,China
462,Yantai University,Yantai,,China
463,Montana Tech,Butte,MT,USA
464,southwest university of science and technology,Mianyang,Sichuan,China
465,Chengdu Shishi Cambridge A-level Center,Chengdu,,China
466,Math School,Xiamen,Fujian,China
467,Huzhou University,Huzhou,Zhejiang,China
468,SICHUAN UNIVERSITY,Sichuan,,China
469,Madonna University,Livonia,MI,USA
470,"The University of Tennessee, Knoxville",Knoxville,TN,USA
471,Liaoning Shihua University,Fushun,,China
472,Nanjing University of Posts&Telecommunications,Nanjing,Jiangsu,China
473,Nanjing University of Posts & Telecommunications,Nanjing,Jiangshu,China
474,Huizhou University,Huizhou,Guangdong,China
475,Eastern Oregon University,La Grande,OR,USA
476,Second Military Medical University,Shanghai,Yangpu,China
477,SouthwesternÂ UniversityÂ of Finance and Economics,Chengdu,Sichuan,China
478,Inner Mongolia University of Technology,Hohhot,,China
479,"Nankai University,China",Tianjin,Tianjin,China
480,"Software Engineering Institute, East China Normal University",Shanghai,Shanghai,China
481,TianJin University Of Finance And Economics,Tianjin,China,China
482,National University of Singapore,Singapore,,Singapore
483,NanChang Aeronautical University,NanChang,JiangXi,China
484,Henan University of Science & Technology,Luoyang,Henan,China
485,School of Digital Media and Design Art,Beijing,,China
486,University of Science & Technology Beijing,Beijing,Beijing,China
487,North China Electric poewr university,Bejing,Beijing,China
488,Suzhou University of Science and Technology,Jiangsu,Suzhou,China
489,South-west Jiaotong University,Chengdu,Sichuan,China
490,South West Jiaotong University,Chengdu,Sichuan,China
491,WENZHOU UNIVERSITY,WENZHOU,ZHEJIANG,China
492,WuHan University,WUHAN,HUBEI,China
493,Dongguan University of Technology,Dongguan,Guangdong,China
494,Northeaster University (China),Shenyang,,China
495,Hefei University of Technology,Hefei,Anhui,China
496,SJTU-ParisTech Elite Institute of Technology,Shanghai,Shanghai,China
497,China Welfare Institute,Shanghai,Shanghai,China
498,College of Science and Technology of China Three Gorges University,YiChang,HuBei,China
499,"University of Science and Technology,Beijing(USTB)",Beijing,Beijing,China
500,Southwest University,Beibei,Chongqing,China
501,Wuhan Universty,Wuhan,Hubei,China
502,"Tianjin University, China",Tianjin,Tianjin,China
503,Shenzhen University,Shenzhen,Guangdong Province,China
504,UNIVERSITY OF SHANGHAI FOR SCIENCE AND TECHNOLOGY,SHANGHAI,,China
505,Shandong University Of Science And Technology,Qingdao,Shandong,China
506,Jiangsu Jianzhu Institute,Xuzhou,Jiangsu,China
507,SouthEast University,Nanjing,Jiangsu,China
508,Lanzhou University,Lanzhou,,China
509,LongDong University,Qingyang,Gausu,China
510,Shanxi Medical University,Taiyuan,Shanxi,China
511,Software Engineering Institute,Shanghai,China,China
512,Huaqiao University,Quan Zhou,Feng Ze,China
513,Shangdong university,Jinan,Shandong Province,China
514,Guilin University of Electronic Technology,Guilin,Guangxi,China
515,Information,Beijing,,China
516,NKU School of Mathematical Science,Tianjin,Tianjin,China
517,Northeast Petroleum University,Daqing,Heilongjiang,China
518,Hebei University,Baoding,Hebei,China
519,university,beijing,,China
520,University of Illinois,Urbana,IL,USA
521,Institute of Information Technology of Guilin University of Electronic Technology,Guilin,Guangxi,China
522,"Taishan University,China",Taian,Shandong,China
523,Liaoning Technical Universty,Fuxin,,China
524,Heilongjiang University of science and technology,Harbin,Heilongjiang,China
525,Shanghai University of Finance and Economy,Shanghai,Shanghai,China
526,"Department of Economics, Minzu University of China",Beijing,Beijing,China
527,"University of International Bussiness and Economy,Beijing,China",Beijing,,China
528,College of Computer and Control Engineering,Tian Jin,,China
529,Xi'an Shiyou University,Xi'an,Shannxi,China
530,Northeast Yucai Foreign Language School,shenyang,Liaoning,China
531,Dalian Neusoft University of information,Dalian,Liaoning,China
532,Dalian Neusoft University of Information,Dalian,Liaoning,China
533,NanKai University,TianJin,TianJin,China
534,Hunan Normal University,Changsha,Hunan,China
535,Southwest jiaotong university,Chengdu,Sichuan,China
536,Leshan Normal University,Leshan,Sichuan,China
537,School of Electronic and Engineering,Beijing,Beijing,China
538,NanKai university,Tianjin,Tianjin,China
539,Shandong University Of Technology,Zibo,Shandong,China
540,China University of Petroleum(East China),Qingdao,ShanDong province,China
541,National University of defense technology,Changsha,Hunan,China
542,WUHAN TEXTILE UNIVERSITY,WUHAN,HUBEI,China
543,Jiangsu Normal University,Xuzhou,Jiangsu,China
544,Southwestern University of Finance and Economics University,Chengdu,Sichuan,China
545,Guizhou University,Guiyang,Guizhou,China
546,Guangxi University,Nanning,Guangxi,China
547,Henan University of Technology,Zhengzhou,Henan,China
548,Hubei University of Economics,Wuhan,Hubei,China
549,Hubei University Of Economics,WUHAN,HUBEI,China
550,HuBei University of Economics,WuHan,HuBei,China
551,Hu Bei Univeristy of Economics,WuHan,HuBei,China
552,Hu Bei University of Economics,WuHan,Hubei,China
553,"Zhejiang University, China",Hangzhou,Zhejiang,China
554,Henan University,Kaifeng,Henan,China
555,Officer College of Chinese People's Armed Police Force,Chengdu,Sichuan,China
556,Shanxi Agricultural University,Jinzhong,Shanxi,China
557,China University of Geosciences(Beijing),Beijing,Beijing,China
558,Nanyang Normal University,Nanyang,Henan,China
559,JiangXi University of Science and Technology,Ganzhou,Jiangxi,China
560,SICHUAN university,Chengdu,Sichuan,China
561,North China Electric Power University Science & Technology College,Baoding,Hebei,China
562,Wuhan university,Wuhan,Hubei,China
563,Qufu normal university,Qufu,Shandong,China
564,RenMin University of China,Beijing,Beijing,China
565,Qiannan Normal College for Nationalities,Duyun,Guizhou,China
566,Taiyuan University of Technology,Taiyuan,Shanxi,China
567,China university of Geosciences,Beijing,Beijing,China
568,Capital Normal University,Beijing,Beijing,China
569,WUHAN UNIVERSITY,Wuhan,Hubei Province,China
570,Anhui Normal University,Wuhu,,China
571,South China Normal Uniyersity,Guangzhou,Guangdong,China
572,mathematics,TianJin,TianJin,China
573,The Capital University of Economics and Business,Beijing,Beijing,China
574,National University of Defense Technology,Changsha,Hunan,China
575,The Engineering &technical College of Chengdu University of Technology,Leshan,Sichuan Province,China
576,Hendrix College,Conway,AR,USA
577,Virginia Western Community College,Roanoke,VA,USA
578,Bloomsburg University,Bloomsburg,PA,USA
579,Temple University,Philadelphia,PA,USA
580,Meredith College,Raleigh,NC,USA
581,Central Washington University,Ellensburg,WA,USA
582,University of St. Thomas,Saint Paul,MN,USA
583,Ludong University,Yantai,Shandong,China
584,Franklin & Marshall College,Lancaster,PA,USA
585,Xihua University,Chengdu,SiChuan,China
586,The Southwestern University of Finance and Economics,Chengdu,Sichuan,China
587,Hubei University,Wuhan,Hubei,China
588,Institut Teknologi Bandung,Bandung,Jabar,Indonesia
589,Binjiang College of Nanjing University of Information Science & Tecnology,Nanjing,Jiangsu,China
590,Shanxi University of Finance and Economics,Taiyuan,Shanxi,China
591,Shandong University of Science & Technology,Taian,Shandong,China
592,Zhengzhou University Of Light Industry,Zhengzhou,Henan,China
593,Zhengzhou University of Light Institution,Zhengzhou,Henan,China
594,Zhengzhou University of Light Industry,Zhengzhou City,Henan province,China
595,Wuhan University Of Technology,Wuhan,Hubei,China
596,Wuhan Univercity,Wuhan,Hubei,China
597,Chang'an University,Xi'an,Shaanxi,China
598,Northeastern University,Shenyang,Liaoning,China
599,University of International Business and Ecomomics,Beijing,Beijing,China
600,"College of Sciences, Northeastern University",Shenyang,Liaoning,China
601,Nanjing University of Science and Technology,Nanjing,Jiangsu,China
602,Yancheng Teachers University,Yancheng,Jiangsu,China
603,China Univercity of Geosciencesï¼ŒBeijing,Beijing,Beijing,China
604,Inner Mongolia University For The Nationlities,Tongliao,Inner Mongolia Autonomous Region,China
605,Guangdong Polytechnic Normal University,guangzhou,Guangdong,China
606,The Chinese University of Hong Kong,Hong Kong,Hong Kong,China
607,Shanghai University Of Engineering Science,ShangHai,SongJiang,China
608,"College of Electronic Information and Optical Engineering, Nankai University",Tianjin,,China
609,Georgetown College,Georgetown,KY,USA
610,Union College,Schenectady,NY,USA
611,Northeastern University at Qinhuangdao,Qinhuangdao,Hebei,China
612,University of Science and Technology of Beijing,Beijing,,China
613,Jiansu Jianzhu University,Xuzhou,Jiangsu,China
614,JiangXi Normal University,NanChang,JiangXi,China
615,Guangxi Teachers Education University,Nanning,Guangxi,China
616,Zhejiang University of Science and Technology,Hangzhou,,China
617,Shihezi University,Xinjiang,Shi Hezi,China
618,Beijing Information Science & Technology University,Beijing,Haidian,China
619,Zhejiang University City College,Hangzhou,Zhejiang,China
620,Zhejiang Gongshang University,Hangzhou,Zhejiang,China
621,Zhejiang university,HangZhou,ZheJiang province,China
622,Hunan University of Commerce,Changsha,Hunan,China
623,Henan University of Urban Construction,Pingdingshan,Henan,China
624,nankai university,tianjin,,China
625,South-Central University For Nationalities,Wuhan,Hubei,China
626,SOUTHWEST JIAOTONG UNIVERSITY,Chengdu,SiChuan,China
627,Yangzhou University,Yangzhou,,China
628,Jiangxi University of Traditional Chinese Medicine,Nanchang,,China
629,"121 Zhangjialukou, Huaxiang Fengtai District, Beijing,China",Beijing,Beijing,China
630,The Hong Kong Polytechnic University,Hong Kong,,Hong Kong
631,University of Science & Technology of China,Hefei,Anhui,China
632,Xi'an University of Technology,Xi'an,Shaanxi,China
633,James Madison University,Harrisonburg,VA,USA
634,Xi'an University of Architechture&Technology,Xi'an,Shaanxi,China
635,School of Computer Science and Techonology,Jinan,Shandong Province,China
636,Institution of Information Science and Technology,Beijing,China,China
637,UniversitÃ© de Technologie de CompiÃ¨gne,COMPIEGNE,,France
638,University of Dayton,Dayton,OH,USA
639,Goshen College,Goshen,IN,USA
640,New York Institute of Technology,New York,NY,USA
641,University of New Mexico,Albuquerque,NM,USA
642,Western Connecticut State University,Danbury,CT,USA
643,U.S. Air Force Academy,USAF Academy,CO,USA
644,Lamar University,Beaumont,TX,USA
645,Erasmus University Rotterdam,Rotterdam,,Netherlands
646,Northwest Missouri State University,Maryville,MO,USA
647,The Second Artillery Engineering University,Xi'an,Shaanxi,China
648,MinZu University of China,Beijing,,China
649,"Shanghai U. of Finance and Economics, School of Economics",Shanghai,Shanghai,China
650,China Jiliang University,Hangzhou,Zhejiang,China
651,Huaihai Institute of Technology,Lianyungang,Jiangsu,China
652,Nanchang University,Nanchang,Jiangxi,China
653,Xi'an Eurasia University,Xi'an,Shaanxi,China
654,China Agricultural University,Beijing,,China
655,University of shanghai for Science&Technology,Shanghai,,China
656,TIANJIN POLYTECHNIC UNIVERSITY,TIAN JIN,,China
657,School of information& School of Science,Beijing,,China
658,Zhejiang Chinese Medical University,Hangzhou,Zhejiang,China
659,Wuhan University of Technology,Wuhan,Hubei,China
660,Institution of Thermal Science and Power Systems,HangZhou,ZheJiang,China
661,PekingUniversity(PKU),Beijing,,China
662,Renmin Universuty of China,Beijing,Beijing,China
663,FuZhou College of Foreign Studies and Trade,Fuzhou,Fujian,China
664,Gannan Normal University,Ganzhou,Jiangxi,China
665,Guangdong University of Finance and Economics,Guangzhou,Guangdong,China
666,Guangdong University of Finance & Economics,Guangzhou,Guangdong,China
667,GuangDong University of Foreign Studies,Guangzhou,GuangDong Province,China
668,Fuzhou University,Fuzhou,Fujian,China
669,Shanghai Kongjiang High School,Shanghai,,China
670,Westminster College,Salt Lake City,UT,USA
671,The University of Edinburgh,Edinburgh,MIdlothian,United Kingdom
672,University of Shanghai for Science & Technology,Shanghai,Shanghai,China
673,GUANGDONG PHARMACEUTICAL UNIVERSITY,Zhongshan,Guangdong,China
674,Jacksonville University,Jacksonville,FL,USA
675,University of Washington,Seattle,WA,USA
676,University of Wisconsin-Stevens Point,Stevens Point,WI,USA
677,Humboldt State University,Arcata,CA,USA
678,Beijing University of Post and Telecommunication,Beijing,,China
679,Shanghai Foreign Language School,Shanghai,Shanghai,China
680,Xidian University,Xi'an,shaanxi,China
681,Lawrence Technological University,Southfield,MI,USA
682,Inner Mongolia University For The Nationalities,Tongliao,the Inner Mongolia Autonomous Region,China
683,"Xitucheng 10th Road, Haidian District.Beijing Univ. of Posts and Telecomm. Beijing, Beijing 100876",Beijing,Beijing,China
684,Shandong university of finance and economics in China,jinan,,China
685,"Shenzhen University, China",Shenzhen,Guangdong,China
686,Beijing Union University,Beijing,,China
687,Hangzhou Normal University Qianjiang College,Hangzhou,Zhejiang,China
688,Qufu Normal University,Qufu,Shandong,China
689,Xiâ€™an University of Architecture and Technology,Xiâ€™an,Shaanxi Province,China
690,Hannan University,Haikou,Hainan,China
691,Fujian Agriculture and Forestry University,Fuzhou,Fujian,China
692,Institute of Scientific & Engineering Computing,Hangzhou,Zhejiang,China
693,Changsha University of Science and Technology,Changsha,Hunan,China
694,"University of California, San Diego",La Jolla,CA,USA
695,Wuhan Univ,Wuhan,Hubei,China
696,GUANGDONG UNIVERSITY OF FINANCE AND ECONOMICS,Guangzhou,Guangdong,China
697,Hunan Police Academy,Changsha,Hunan,China
698,Guangdong University Of Finance and Economy,Guangzhou,Guangdong,China
699,University of Science and Technology Liaoning,Anshan,Liaoning,China
700,Guangdong University of Finance Economics,Guangzhou,Guangdong,China
701,Shenyang Institute of Technology,Fushun,Liaoning,China
702,East China Normal Univeristy,Shanghai,,China
703,ZhengzhouÂ University,Zhengzhou,Henan,China
704,Guangdong University of Finance and Econonmics,Guangzhou,,China
705,North University of China,Taiyuan,Shanxi,China
706,"China University of Geosciences, Beijing",Beijing,,China
707,X1'an University of Architecture and Technology,Xi'an,Shaanxi,China
708,Sam Houston State University,Huntsville,TX,USA
709,Jinan University,Guanghzou,Guangdong,China
710,Austin Peay State University,Clarksville,TN,USA
711,School of Computer Science and Technology,Jinan,Shandong Province,China
712,Huazhong University of Science and technology,Wuhan,Hubei,China
713,Zhejiang Industry & Trade Vocational College,Wenzhou,Zhejiang,China
714,The University of Dallas,Irving,TX,USA
715,University of North Texas,Denton,TX,USA
716,University of Michigan,Ann Arbor,MI,USA
717,Pacific University,Forest Grove,OR,USA
718,University of Wisconsin-Madison,Madison,WI,USA
719,University of Cambridge,Cambriddge,,United Kingdom
720,Binghamton University (SUNY),Binghamton,NY,USA
721,University of Colorado Denver,Denver,CO,USA
722,Grand View University,Des Moines,IA,USA
723,Wartburg College,Waverly,IA,USA
724,concordia college NY,pleasantville,NY,USA
725,Indiana University of Pennsylvania,Indiana,PA,USA
726,Trinity,San Antonio,TX,USA
727,Clemson University,Clemson,SC,USA
728,Colorado College,Colorado Springs,CO,USA
729,Zhejiang University of Technology,Hangzhou,,China
730,West Anhui University,Luâ€™an,Anhui,China
731,NORTH CHINA INSTITUTE OF SCIENCE AND TECHNOLOGY,BEIJING,BEIJING,China
732,China University of Geosciences Beijing,Beijing,Haidian District,China
733,Jinan University Zhuhai Campus,Zhuhai,GuangDong,China
734,West Ahui University,Luâ€™an,Anhui,China
735,Jiangxi University of Finance and Economics,Nanchang,Jiangxi,China
736,SiChuan University,chengdu,SiChuan,China
737,"Tianjin University,China",Tianjin,Tianjin,China
738,Zhejiang University of Finance and Economics,Hangzhou,Zhejiang,China
739,Zhengzhou Information Engineering University,Zhengzhou,Henan,China
740,ZhengZhou University,ZhengZhou,HeNan,China
741,Xi'an University of Architecture and Techonology,Xi'an,Shaanxi Province,China
742,GuangDong University of Finance and Economics,Guangzhou,Guangdong,China
743,ZaoZhuang University,ZaoZhuang,ShanDong Province,China
744,SOUTH CHINA UNIVERSITY OF TECHNOLOGY,ShenZhen,GuangDong,China
745,"China University of Geosciences,Beijing",Beijing,Beijing,China
746,Naval Aeronautical Engineering Institute Qingdao Campus,Qingdao,Shandong,China
747,Institution of Innovation; Northeastern University,Shenyang,Liaoning,China
748,Renming University,Beijing,,China
749,Xinjiang University,Urumchi,Xinjiang Autonomous Region,China
750,ShuGuang School,Zigong,Sichuan,China
751,East China University of Science And Technology,Shanghai,Shanghai,China
752,Shandong university of finance and economics,jinan,,China
753,Northeast Forestry University,Harbin,Heilongjiang,China
754,Research Center of Control & Simulation; Northeastern University,Shenyang,Liaoning,China
755,WuYi University,Wuyishan,Fujian,China
756,NANJING UNIVERSITY,Nanjing,Jiangsu,China
757,Hebei United University,Tangshan,Hebei,China
758,.Renmin University of China,Beijing,Beijing,China
759,Department of Mathematics and Institute of Natural Sciences,SHANGHAI,SHANGHAI,China
760,Xinyang Normal University,Xinyang,Henan,China
761,Information Engineering University,Zhengzhou,Henan,China
762,Tarim University,alaer,Sinkiang,China
763,School of Materials and Metallurgy; Northeastern University,Shenyang,Liaoning,China
764,College of Information Science and Engineering; Northeastern University,Shenyang,Liaoning,China
765,Institute of Metallurgical Resource and Environmental Engineering ; Northeastern University,Shenyang,Liaoning,China
766,Institute of Mechatronics Engineering; Northeastern University,Shenyang,Liaoning,China
767,"School of Mechanical Engineering and Automation,Northeastern University",Shenyang,Liaoning,China
768,Virtual reality and simulation; Northeastern University,Shenyang,Liaoning,China
769,Institution of Intelligent Robots and Pattern Recognition; Northeastern University,Shenyang,Liaoning,China
770,Institute of Artificial Intelligence and Robotics; Northeastern University,Shenyang,Liaoning,China
771,College of Information Science & Engineering; Northeastern University,Shenyang,Liaoning,China
772,East china normal University,Shanghai,,China
773,Pattern Recognition;Northeastern University,Shenyang,Liaoning,China
774,Institution of Metallurgy Resources and Environmental Engineering; Northeastern University,Shenyang,Liaoning,China
775,Materials and metallurgy; Northeastern University,Shenyang,Liaoning,China
776,Institute of Computer System;Northeastern University,Shenyang,Liaoning,China
777,Institute of Electrical Engineering and Automation; Northeastern University,Shenyang,Liaoning,China
778,Virtual reality and simulation;Northeastern University,Shenyang,Liaoning,China
779,Truman State University,Kirksville,MO,USA
780,Kansas State University,Manhattan,KS,USA
781,China University of Geosciences (Beijing),Beijing,Beijing,China
782,Tianjin Agricultural University,Tinjin,86,China
783,Key Laboratory of Medical Image Computing; Northeastern University,Shenyang,Liaoning,China
784,Communication University of ChinaÂ ,Beijing,Beijing,China
785,"School of Mechanical Engineering and Automation, Northeastern University",Shenyang,Liaoning,China
786,Signal and information processing; Northeastern University,Shenyang,Liaoning,China
787,Robotics and Automation; Northeastern University,Shenyang,Liaoning,China
788,Sino-Dutch Biomedical and Information Engineering School; Northeastern University,Shenyang,Liaoning,China
789,Institution of Pattern Recognition ;Northeastern University,Shenyang,Liaoning,China
790,Pattern Recognition ;Northeastern University,Shenyang,Liaoning,China
791,Shantou University,Shantou,Guangdong,China
792,Key Laboratory of Ecological Utilization of Multi-metal Intergrown Ores of Ministry of Education &School of Materials and Metall,Shenyang,Liaoning,China
793,Institution of Software; Northeastern University,Shenyang,Liaoning,China
794,Southwest Petroleum University,Chengdu City,Sichuan Province,China
795,Quanzhou Normal University,quanzhou,fujian,China
796,Lehigh University,Bethlehem,PA,USA
797,Belhaven University,Jackson,MS,USA
798,wuhan university,Wuhan,,China
799,Shandong University of Fianace and Economics,Jinan,Shandong,China
800,"Ningbo Institute of Technology, Zhejiang University",Ningbo City,Zhejiang,China
801,Xi'an Aeromautical Polytechnic Institute,Xi'an,Shaanxi,China
802,"Shandong University of Science and Technology,",Tai'an city,Shandong province,China
803,Hong Kong University of Science and Technology,Clear Water Bay-Kowloon,,Hong Kong
804,HuaQiao University,QuanZhou,FuJian,China
805,Huazhong University of Science and Technolog,Wuhan,Hubei,China
806,China University of Mining and Technology,Xuzhou,Jiangsu,China
807,Tian Jin University,TianJin,TianJin,China
808,"Wuhan University,China","Wuhan,China",Wuhan,China
809,Wuhan Universtity,Wuhan,Hubei,China
810,College of Science,Beijing,,China
811,Electrical engineering,HangZhou,,China
812,"School of Mathematical Sciences, Xiamen University",Xiamen,Fujian,China
813,Tianjin Univ. of Commerce,Tianjin,Tianjin,China
814,American Heritage School Plantation,Plantation,FL,USA
815,Huainan Normal University,Huainan,Anhui,China
816,Mount Holyoke College,South Hadley,MA,USA
817,The University of Business and Economics,Beijing,,China
818,Univeristy of International Business and Economics,Beijing,,China
819,College of Software; Northeastern University,Shenyang,Liaoning,China
820,Institute of Digital media technology; Northeastern University,Shenyang,Liaoning,China
821,Software College; Northeastern University,Shenyang,Liaoning,China
822,University of Illinois at Urbana-Champaign,Urbana,IL,USA
823,Binzhou University,Binzhoou,Shandong,China
824,Guangdong University of Petrochemical Technology,Maoming,Guangdong,China
825,Jinling Institute of Technology,Nanjing,Jiangsu,China
826,Hebei Finance University,Baoding,Hebei,China
827,Liaocheng University,Liaocheng,Shandong,China
828,HEBEI FANANCE UNIVERSITY,Baoding,Hebei,China
829,Army Officer Academy,Hefei,Anhui,China
830,Liaocheng Univ.,Liaocheng,Shandong,China
831,University of Science and Technoloy of China,Hefei,Anhui,China
832,Hangzhou Dianzi University,Hangzhou,Zhejiang,China
833,The University of Shanghai for Science and Technology,Shanghai,Shanghai,China
834,Shijiazhuang University,Shijiazhuang,Hebei,China
835,Macau University of Science and Technology,Macau,,China
836,Zhengzhou university,zhengzhou,henan,China
837,Yunnan Minzu University,kunming,yunnan,China
838,Faculty of Information Science and Engineering; Northeastern University,Shenyang,Liaoning,China
839,Software college; Northeastern University,Shenyang,Liaoning,China
840,School of Science of Tianjin University,Tian Jin,China,China
841,"Northeastern University, China",Shenyang,Liaoning,China
842,ShiHeZi University,ShiHiZi,xinjiang,China
843,School of Information Science and Engineering; Northeastern University,Shenyang,Liaoning,China
844,Harbin Medical University,Harbin,Hei Long Jiang,China
845,JiangXi College of Construction,NanChang,JiangXi,China
846,College of Sciences ; Northeastern University,Shenyang,Liaoning,China
847,CentralÂ ChinaÂ NormalÂ University,Wuhan,Hubei,China
848,Shanghai University for Science and Technology,Shanghai,Shanghai,China
849,Institution of Maths ; Northeastern University,Shenyang,Liaoning,China
850,SHANDONG UNIVERSITY,JINAN,Shandong,China
851,School of Sciences;Northeastern University,Shenyang,Liaoning,China
852,SOUTHWEST UNIVERSITY FOR NATIONALITIES,CHENGDU,SICHUAN,China
853,Xuhai College of China University of Mining and Technology,Xuzhou,Jiangsu,China
854,Xuhai college of China University of Mining and Technology,Xuzhou,Jiangsu,China
855,Huazhong Agricultural University Chutian College,Wuhan,Hubei,China
856,"Xiamen University,China",Xiamen,Fujian,China
857,Shenyang University of Technology,Shenyang,Liaoning,China
858,Xuzhou Institute of Technology,Xuzhou,Jiangsu,China
859,North China University of Water Resources and Electric Power,Zhengzhou,Henan Province,China
860,Xiâ€™an University Of Architecture and Technology,Xiâ€™an,Shaanxi,China
861,Hebei university,baoding,hebei,China
862,Ocean University Of China,Qingdao,Shandong,China
863,Hubei University of Technology,Wuhan,Hubei Province,China
864,Inner Mongolia University of technology,Hohhot,Inner Mongolia,China
865,Taizhou Ploytechnic College,Taizhou,Jiangsu,China
866,Naval University of Engineering,Wuhan,Hubei,China
867,Henan Institute of Science and Technology,Xinxiang,Henan,China
868,Teacher,Beijing,Beijing,China
869,Jinling High School,Nanjing,Jiang Su,China
870,Sichuan university,Chengdu,Sichuan,China
871,shenyang university of technology,Shenyang,Liaoning,China
872,South-Center University For Nationalities,Wuhan,Hubei Province,China
873,shenyang University of Technology,Shenyang,Liaoning,China
874,Physics School of Nankai University,Tianjin,Tianjin,China
875,"City College, Wuhan University of Science and Technology",Wuhan,Hubei,China
876,Chongqing University of Science and Technology,Chongqing,,China
877,Southwestern University of Finance and economics,Chengdu,Sichuan,China
878,mathematics and systems science institute,Beijing,Beijing,China
879,TongJi University,Shanghai,Shanghai,China
880,Fujian Normal University,Fuzhou,Fujian,China
881,minzu univercity of China,Beijing,Beijing,China
882,Wenzhou University,Wenzhou,Zhejiang,China
883,the Central University of Finance and Economics,Beijing,Beijing,China
884,Hunan University,Changsha,Hunan,China
885,University of Delaware,Newark,DE,USA
886,Kunming University,Kunming,Yunnan,China
887,University of Richmond,RIchmond,VA,USA
888,Rose-Hulman Institute of Technology,Terre Haute,IN,USA
889,Quantitative Economics Research Institute of Nankai University,Tianjin,Tianjin,China
890,Institution of Mathematics;Northeastern University,Shenyang,Liaoning,China
891,Minzu Univercity of China,Beijing,,China
892,Institution of Mathematics; Northeastern University,Shenyang,Liaoning,China
893,University at Buffalo (SUNY),Buffalo,NY,USA
894,Roger Williams University,Bristol,RI,USA
895,College of Sciences,Shenyang,Liaoning,China
896,Northern Kentucky University,Highland Heights,KY,USA
897,Academy of Armored Forces Engineering,Beijing,Beijing,China
898,University of Nebraska-Lincoln,Lincoln,NE,USA
899,Institute of Systems Science; Northeastern University,Shenyang,Liaoning,China
900,Colgate University,Hamilton,NY,USA
901,Grinnell College,Grinnell,IA,USA
902,Shippensburg University,Shippensburg,PA,USA
903,Harvey Mudd College,Claremont,CA,USA
904,University of Puget Sound,Tacoma,WA,USA
905,Simpson College,Indianola,IA,USA
906,"California State University, Fullerton",Fullerton,CA,USA
907,Bryn Athyn College,Bryn Athyn,PA,USA
908,Seattle Pacific University,Seattle,WA,USA
909,South Dakota School of Mines & Technology,Rapid City,SD,USA
910,University of Minnesota - Twin Cities,"Minneapolis,",MN,USA
911,Duquesne University,Pittsburgh,PA,USA
912,Ulster University,Bealfast,Northern Ireland,United Kingdom
913,University of Wisconsin--River Falls,River Falls,WI,USA
914,California Polytechnic State University,San Luis Obispo,CA,USA
915,Dalhousie University,Halifax,Nova Scotia,Canada
916,University of Adelaide,Adelaide,SA,Australia
917,Department of Mathematics; Northeastern University,Shenyang,Liaoning,China
918,East China Normal University(China),"Shanghai,China",Shanghai,China
919,Harbin University of Science and Technology,Harbin,Heilongjiang,China
920,Shandong University of Science and Technologyï¼ŒChina,Qingdao City,Shandong Province,China
921,Huaiyin Normal University,Huaian,Jiangsu,China
922,Air Force Engineering University,Xi'an,Shaanxi,China
923,Chongqing University of Science &Technology,Chongqing,,China
924,Chongqing University of Science & Technology,Chongqing,,China
925,Nanjing Agricultural University,Nanjing,Jiangsu,China
926,University Of Shanghai For Science and Technology,Shanghai,Shanghai,China
927,Luoyang Normal University,Luoyang,Henan,China
928,Qingdao University of Science and Technology,Qingdao,Shandong,China
929,Fudan Univerity,Shanghai,,China
930,Undergraduate,Beijing,Beijing,China
931,Xi'an university of architecture & technology,Xi'an,Shannxi,China
932,"Beijing Institute of Technology, Zhuhai",Zhuhai,Guangdong,China
933,Seattle University,Seattle,WA,USA
934,Nanjing College of Information Technology,Nanjing,Jiangsu,China
935,Harbin University of Science and Technology Rongcheng,Rongcheng,Shandong,China
936,Officers College of CAPF,chengdu,sichuan,China
937,Nanjing Foreign Language School,Nanjing,Jiangsu,China
938,Telkom University,Bandung,Indonesia,Indonesia
939,Hainu University,Haikou,Hainan,China
940,Shanghai Maritime University,Shanghai,Shanghai,China
941,Huanggang Normal University,Huanggang,Hubei Province,China
942,Ocean Univercity of China,Qingdao City Shandong Province,,China
943,"Qinggong College, Hebei United University",Tangshan,Hebei,China
944,Guangdong University Of foreign Studies,Guangzhou,Guangdong,China
945,Xi'an University Of Architecture and Technology,Xi'an,Shanxi,China
946,University of Jinan,Jinan,Shandong,China
947,Wuhan Univ.,Wuhan,Hubei,China
948,Soochow university,Suzhou,,China
949,Linyi Number 7 middle school,Linyi,Shandong Provience,China
950,undergraduate,hangzhou,zhejiang,China
951,China University of Mining and Technology-Beijing,Beijing,,China
952,NANKAI UNIVERSITY,tian jin,tianjin,China
953,Sichuan Normal University Chengdu College,Chengdu,Sichuan,China
954,GuangDong Ocean University,Zhan Jiang,Guangdong,China
955,Linnaeus University,Vaxjo,kronoberg,Sweden
956,Dezhou University,Dezhou,Shandong,China
957,Mount St. Mary's University,Emmitsburg,MD,USA
958,Virginia Tech,Blacksburg,VA,USA
959,ZhongKai University of Agriculture and Engineering,GuangZhou,GuangDong,China
960,minzu univercity of china,beijing,Asia,China
961,Indiana University Bloomington,Bloomington,IN,USA
962,University of Wisconsin Milwaukee,Milwaukee,WI,USA
963,Louisiana Tech University,Ruston,LA,USA
964,Ohio University,Athens,OH,USA
965,Miami University,Oxford,OH,USA
966,Maryville College,Maryville,TN,USA
967,University of Utah,Salt Lake City,UT,USA
968,Duke University,Durham,NC,USA
969,University of Liverpool,Liverpool,Merseyside,United Kingdom
970,Wells College,Aurora,NY,USA
971,Smith College,Northampton,MA,USA
972,University of Denver,Denver,CO,USA
973,Ithaca College,Ithaca,NY,USA
974,University of Ontario Institute of Technology,Oshawa,Ontario,Canada
975,Roanoke College,Salem,VA,USA
976,University of Minnesota Duluth,Duluth,MN,USA
977,Cal Poly Pomona,Pomona,CA,USA
978,Olin College,Needham,MA,USA
979,Kansas Wesleyan University,Salina,KS,USA
980,Wentworth Institute of Technology,Boston,MA,USA
981,Randolph College,Lynchburg,VA,USA
982,The College of Idaho,Caldwell,ID,USA
983,Regis University,Denver,CO,USA
984,Metropolitan State University of Denver,Denver,CO,USA
985,Cornell College,Mount Vernon,IA,USA
986,Georgia College,Milledgeville,GA,USA
987,The College of Wooster,Wooster,OH,USA
988,College of Wooster,Wooster,OH,USA
989,Snake River HS,Blackfoot,ID,USA
990,Youngstown State University,Youngstown,OH,USA
991,Kenyon College,Gambier,OH,USA
992,Research Institution for computational science and Engineering,Hangzhou,,China
993,Qingdao agricultural university,Qingdao,Shandong,China
994,Qingdao Agricultural University,Qingdao,Shandong,China
995,Shandong university of science and technology,Shandong Qingdao,,China
996,Nanjing Forestry University,Nanjing,,China
997,Soochow universuty,Suzhou,,China
998,Syracuse University,Syracuse,NY,USA
999,Tianjin university,Tianjin,Tianjin,China
1000,Qingdao Agricultural Universiry,Qingdao,Shandong,China
1001,Shandong Jianzhu University,Jinan,Shandong,China
1002,Shaanxi Electronic Technical College,Xi'an,SHAANXI,China
1003,School of Information,Beijing,,China
1004,Fujian University of Technology,Fuzhou,Fujian,China
1005,ISS of Wuhan University,Wuhan,Hubei Province,China
1006,Beijing University of Chemical Technology,"Chaoyang District, Beijing",Beijing,China
1007,Bejing University of Chemical Technology,Chaoyang District,Beijing,China
1008,Shanghai university,Shanghai,,China
1009,Yanshan University,Qinhuangdao,Hebei,China
1010,Northeast Normal University,Changchun,,China
1011,Jinhua Polytechnic,Jinhua,Zhejiang,China
1012,NANTONG UNIVERSITY,NANTONG,JIANGSU,China
1013,Shanghai Normal University,Shanghai,,China
1014,Hong Kong Baptist University,Kowloon,,Hong Kong
1015,chongqing university of posts and telecommunications,ChongQing,ChongQing,China
1016,Inner Mongolia University of Finance and Economics,Hohhot,Inner Mongolia,China
1017,"University of International Business and Economics, School of Finance",Beijing,,China
1018,Huaibei Normal University,Huaibei,Anhui,China
1019,henan normal university,xinxiang,henan,China
1020,Air Force Logistics College,Xuzhou,Jiangsu Province,China
1021,GuangDong Vocational College of Environmental Protetion Engineering,FoShan,GuangDong Province,China
1022,Henan normal University,xinxiang,henan,China
1023,Jinshan College of Fujian Agriculture and Forestry University,Fuzhou,Fujian,China
1024,Shenzhen Middle School,Shenzhen,Guangdong,China
1025,Soochow University,Suzhou,,China
1026,Universitat AutÃ²noma de Barcelona,Bellaterra,Barcelona,Spain
1027,Zhejiang A&F University,Hangzhou,Zhejiang,China
1028,ZHEJIANG UNIVERSITY,shanghai,shanghai,China
1029,the Capital Normal University,Beijing,Asia,China
1030,Nottingham Trent University,Nottingham,,United Kingdom
1031,Chongqing University of Technology,Chongqing,,China
1032,shenzhen unviersity,Shenzhen,Guandong,China
1033,Southwest jiaotong University,Chengdu,Sichuan,China
1034,Chengdu College of Univ. of Elec. Sci. and Tech. of China,Chengdu,Sichuan,China
1035,University of Stirling,Stirling,,Scotland
1036,Maggie Walker Governors School,Richmond,VA,USA
1037,Northeast Agricultural University,Harbin,Heilongjiang,China
1038,Bucknell University,Lewisburg,PA,USA
1039,University of Science And Techology Of China,HeFei,AnHui,China
1040,Nankai university,Tianjin,Tianjin,China
1041,Virginia Military Institute,Lexington,VA,USA
1042,Scuola Monotecnica Superiore Dongemenese,Beijing Dongcheng District,Municipality of Beijing,China
1043,Clarkson University,Potsdam,NY,USA
1044,Appalachian State University,Boone,NC,USA
1045,Brown University,Providence,RI,USA
1046,Carnegie Mellon University,Pittsburgh,PA,USA
1047,Saint Louis University,St. Louis,MO,USA
1048,University of San Diego,San Diego,CA,USA
1049,Illinois Institute of Technology,CHICAGO,IL,USA
1050,Tufts University,Medford,MA,USA
1051,Minnesota State University Moorhead,Moorhead,MN,USA
1052,Xavier University,Cincinnati,OH,USA
1053,The University of Western Ontario,London,ON,Canada
1054,University of Kentucky,Lexington,KY,USA
1055,Mercer University,Macon,GA,USA
1056,Sewanee: the University of the South,Sewanee,Tennessee,USA
1057,Amherst College,Amherst,MA,USA
1058,University of West Georgia,Carrollton,GA,USA
1059,Midlands Technical College,Columbia,SC,USA
1060,Rhodes College,Memphis,TN,USA
1061,Carroll College,Helena,MT,USA
1062,Lafayette College,Easton,PA,USA
1063,University of Texas at Austin,Austin,TX,USA
1064,Eastern Michigan University,Ypsilanti,MI,USA
1065,York University,Toronto,Ontario,Canada
1066,Asbury University,Wilmore,KY,USA
1067,University of Pittsburgh,Pittsburgh,PA,USA
1068,Georgia Southern University,Statesboro,GA,USA
1069,Dalton State College,Dalton,GA,USA
1070,Richard Stockton College of New Jersey,Galloway,NJ,USA
1071,Southern Connecticut State University,New Haven,CT,USA
1072,University of Minnesota,Minneapolis,MN,USA
1073,Colby College,Waterville,ME,USA
1074,Ramapo College of New Jersey,Mahwah,NJ,USA
1075,PLA University of Science and Technology,Nanjing,Jiangsu,China
1076,Emory University,Atlanta,GA,USA
1077,Southeastern Oklahoma State University,Durant,OK,USA
1078,Anhui University of Technology,Ma'anshan,,China
1079,Xiamen University of Technology,Xiamen,Fujian,China
1080,UC Berkeley,Berkeley,CA,USA
1081,Universidad Autonoma de Yucatan,Merida,Yucatan,mexico
1082,Nanchang Institute of Technology,Nanchang,Jiangxi,China
1083,Xi'an University of Finance & Economics,Xi'an,Shaanxi,China
1084,Liaoning Normal University,Dalian,Liaoning,China
1085,Jiangnan University,Wuxi,Jiangsu,China
1086,Yichun University,Yichun,Jiangxi,China
1087,"School of Mathematical Sciences,Nanjing Normal University",Nanjing,Jiangsu,China
1088,Southwest petroleum university,Chengdu,,China
1089,Colorado State University,Fort Collins,CO,USA
1090,The Stony Brook School,Stony Brook,NY,USA
1091,Wuxi Big Bridge Academy,Wuxi,Jiangsu,China
1092,Davidson College,Davidson,NC,USA
1093,Slippery Rock University,Slippery Rock,PA,USA
1094,Xiâ€™an University of Finance & Economics,Xi'an,Shaanxi,China
1095,Northwest University for Nationalities,Lanzhou,Gansu,China
1096,Cornell University,Ithaca,NY,USA
1097,XI'AN UNIVERSITY OF FINANCE AND ECONOMICS,XI'an,Shaanxi,China
1098,Wuhan Uniersity,Wuhan,Hubei,China
1099,Hefei Normal University,Hefei,Anhui,China
1100,Rensselaer Polytechnic Institute,Troy,NY,USA
1101,Beijing Wuzi University,Beijing,Beijing,China
1102,University of Sci&Tech of China,Hefei,Anhui,China
1103,"International Institute of Information Technology, Hyderabad",Hyderabad,Telangana,India
1104,University of Helsinki,Helsinki,N/A,Finland
1105,Paivola School of Mathematics,Tarttila,,Finland
1106,Albion College,Albion,MI,USA
1107,Shandong Experimental High School,Jinan,Shandong,China
1108,College of Mobile Telecommunications. Chongqing University of Posts and Telecom.,Chongqing,,China
1109,Maths,Shanghai,,China
1110,University of Central Florida,Orlando,FL,USA
1111,"Northwestern Polytechnical University, P.R.CHINA",XI'AN,SHAANXI,China
1112,Kwangwoon University,Seoul,,South Korea
1113,University of Maryland,College Park,MD,USA
1114,Bard College,Annandale-on-Hudson,NY,USA
1115,"University of Minnesota, Twin Cities",Minneapolis,MN,USA
1116,Missouri Southern State University,Joplin,MO,USA
1117,Coe College,Cedar Rapids,IA,USA
1118,Penn State Abington,Abington,PA,USA
1119,The Pennsylvania State University,University Park,PA,USA
1120,Purdue University,West Lafayette,IN,USA
1121,University of Wisconsin - La Crosse,La Crosse,WI,USA
1122,Winthrop University,Rock Hill,SC,USA
1123,Georgetown University,Washington,DC,USA
1124,Salisbury University,Salisbury,MD,USA
1125,Morehead State University,Morehead,KY,USA
1126,University of Oklahoma,Norman,OK,USA
1127,Sonoma State University,Rohnert Park,CA,USA
1128,Oregon State University,Corvallis,OR,USA
